{
  "minecraft:recipes/misc/copper_ingot_from_smelting_deepslate_copper_ore": {
    "criteria": {
      "has_deepslate_copper_ore": "2024-12-15 01:55:14 +0000"
    },
    "done": true
  },
  "minecraft:recipes/misc/copper_ingot_from_blasting_deepslate_copper_ore": {
    "criteria": {
      "has_deepslate_copper_ore": "2024-12-15 01:55:14 +0000"
    },
    "done": true
  },
  "minecraft:adventure/adventuring_time": {
    "criteria": {
      "minecraft:taiga": "2024-12-15 01:53:09 +0000",
      "minecraft:beach": "2024-12-15 01:52:47 +0000",
      "minecraft:river": "2024-12-15 01:52:29 +0000",
      "minecraft:forest": "2024-12-15 01:52:45 +0000",
      "minecraft:plains": "2024-12-15 01:51:12 +0000"
    },
    "done": false
  },
  "DataVersion": 3120
}